{
    "at": [
        [46.372453500000006,9.530749000000014],
        [49.02052550000002,17.1607975]
    ],
    "be": [
        [49.49723799999998,2.5460110000000213],
        [51.50404750000001,6.407870000000003]
    ],
    "bg": [
        [41.23532999899999,22.357130499999982],
        [44.215663000000006,28.607463999999993]
    ],
    "ch": [
        [45.819600501000025,5.956067000000019],
        [47.80762149899999,10.492064000000028]
    ],
    "cy": [
        [34.563398500000005,32.26978100000002],
        [35.695434499999976,34.58835399999998]
    ],
    "cz": [
        [48.551826000999995,12.090759999999989],
        [51.05545799999999,18.85923600000001]
    ],
    "de": [
        [47.27011399999998,5.866250499999978],
        [55.05838349999999,15.041795999999977]
    ],
    "dk": [
        [54.559226998999975,8.074800494999977],
        [57.75083000000001,15.193151494999995]
    ],
    "ee": [
        [57.50931000100002,21.77184699999998],
        [59.685711500000025,28.209798001000024]
    ],
    "gr": [
        [34.802509999999984,19.373763999999994],
        [41.749052500000005,29.645175999999992]
    ],
    "es": [
        [27.638029000000017,-18.161054499999977],
        [43.789352500999996,4.327953499999978]
    ],
    "fi": [
        [59.765508501,19.311983499999997],
        [70.09209449899998,31.58672899999999]
    ],
    "fr": [
        [-21.387309500000015,-63.15345500000001],
        [51.089382,55.83662850000002]
    ],
    "hr": [
        [42.392417970999986,13.489867000000004],
        [46.55484000000001,19.447355500000015]
    ],
    "hu": [
        [45.73704897499999,16.113849000000016],
        [48.58523300000002,22.896270500000014]
    ],
    "ie": [
        [51.421958999000026,-10.618580000000009],
        [55.38285600099999,-5.999142000000006]
    ],
    "is": [
        [63.29596250100002,-24.53204249999999],
        [66.56600250000002,-13.495021000000008]
    ],
    "it": [
        [35.49304749999999,6.626832499999978],
        [47.09214449900003,18.52024]
    ],
    "li": [
        [47.04932650000001,9.47491100000002],
        [47.27058100099998,9.63570900000002]
    ],
    "lt": [
        [53.896668999999974,20.95406700000001],
        [56.45021400000002,26.8356225]
    ],
    "lu": [
        [49.44783799999999,5.735758999999973],
        [50.18277949899999,6.530455000000018]
    ],
    "lv": [
        [55.675082499999974,20.97067850000002],
        [58.08487649900002,28.241535999999996]
    ],
    "me": [
        [41.84853900000002,18.433800500000018],
        [43.557800499999985,20.35292850000002]
    ],
    "mk": [
        [40.85468300100001,20.45470499999999],
        [42.37389999999999,23.034122500000024]
    ],
    "mt": [
        [35.80633899999998,14.184842000000003],
        [36.082318499999985,14.575477499999977]
    ],
    "nl": [
        [50.75065999999998,3.3583169999999996],
        [53.553127500000016,7.227045499999974]
    ],
    "no": [
        [57.96395049900002,4.612339500000019],
        [71.18531800099998,31.150688000000002]
    ],
    "pl": [
        [49.00247949999999,14.122929999999997],
        [54.835703498999976,24.145782499999996]
    ],
    "pt": [
        [30.140197999999998,-31.26881450000002],
        [42.15441900000002,-6.189351999999985]
    ],
    "ro": [
        [43.61950350000001,20.262015500000018],
        [48.26450799999998,29.71331950000001]
    ],
    "se": [
        [55.33685300100001,10.981825500000014],
        [69.05996850100001,24.16540900000001]
    ],
    "si": [
        [45.421447976000024,13.375492500000007],
        [46.876295500000026,16.596805000000018]
    ],
    "sk": [
        [47.73139650000002,16.833229000000017],
        [49.613766999999996,22.566840000000013]
    ],
    "tr": [
        [35.818444,25.665178500000025],
        [42.10501499999998,44.82054599999998]
    ],
    "gb": [
        [49.88322049999999,-8.649815499999988],
        [60.84587099999999,1.7603955000000155]
    ]
}